id,telefono,celular,direccion,mail
1,+54 362 216 3043,+33 905 190 5853,Forest,zohare0@drupal.org
2,+30 669 633 3097,+44 874 266 4288,Westport,nlecointe1@cam.ac.uk
3,+66 652 763 1912,+46 774 459 4704,Holmberg,briby2@github.io
4,+62 341 706 7882,+62 518 870 0106,Morrow,mcornhill3@macromedia.com
5,+86 721 595 2295,+52 650 337 1570,Surrey,avigours4@ca.gov
6,+62 678 306 7183,+33 102 794 1414,Mayfield,fcowlishaw5@chron.com
7,+1 904 394 0848,+86 607 882 0292,Di Loreto,mcockle6@desdev.cn
8,+84 816 753 0169,+7 715 619 2584,Derek,gedmeades7@simplemachines.org
9,+34 566 632 0593,+86 112 275 5505,Columbus,mwakeford8@slate.com
10,+55 685 617 9411,+95 163 892 3354,Packers,sketcher9@infoseek.co.jp
11,+1 828 254 6425,+963 948 855 7540,Granby,mcordnera@odnoklassniki.ru
12,+55 599 277 6374,+389 310 933 8684,Waubesa,hrobelb@pbs.org
13,+62 760 508 6864,+62 930 807 4658,Mosinee,rdewittc@cbsnews.com
14,+92 648 317 0576,+48 770 947 0168,Elmside,gvasilmanovd@globo.com
15,+62 106 315 8481,+57 324 392 9431,Melvin,mbundocke@canalblog.com
16,+387 637 219 3219,+86 416 828 9150,Gateway,bguittetf@baidu.com
17,+86 116 988 1364,+54 534 334 9557,Blaine,cedmansg@google.ru
18,+216 557 557 2915,+86 268 345 6753,Gina,tattockh@xing.com
19,+62 319 899 1317,+49 334 567 6140,Redwing,fstanleyi@twitpic.com
20,+86 684 324 0130,+46 835 857 0519,Kinsman,cocrowleyj@pagesperso-orange.fr
21,+86 559 672 2818,+354 474 704 3751,Columbus,mscutterk@discovery.com
22,+420 629 412 5434,+48 238 886 9615,Erie,alaingmaidl@microsoft.com
23,+355 116 679 1269,+385 548 440 5328,Bayside,tmacfadzeanm@bravesites.com
24,+976 490 317 1289,+86 595 458 0030,Morning,kfortesquieun@so-net.ne.jp
25,+60 131 576 2989,+381 604 522 5005,Sunbrook,roglassaneo@mayoclinic.com
26,+86 630 190 8391,+7 176 347 6390,Anthes,rmenslerp@craigslist.org
27,+51 307 408 5426,+86 108 924 6906,Scott,aeakinsq@i2i.jp
28,+234 882 367 0503,+505 471 461 0635,6th,mcronkr@1688.com
29,+965 384 937 5138,+380 997 358 7761,Corscot,tradnedges@squarespace.com
30,+260 495 171 0661,+502 555 413 7720,Park Meadow,dsaltwellt@deviantart.com
31,+27 906 584 6802,+48 338 330 4045,Union,jpulveru@usgs.gov
32,+62 670 195 9327,+34 999 575 6684,Fieldstone,ehrynczykv@acquirethisname.com
33,+359 913 297 2933,+7 963 919 0905,Express,msuddickw@squidoo.com
34,+850 774 131 5162,+62 235 627 3774,Hintze,dbernardottex@hugedomains.com
35,+55 530 840 3431,+420 318 748 4485,Rockefeller,operschkey@npr.org
36,+86 948 749 7714,+371 634 740 9034,Coleman,aaldenz@blinklist.com
37,+86 465 984 1035,+1 360 356 1529,Barby,rboodle10@miibeian.gov.cn
38,+60 992 315 8282,+93 334 527 5571,Debs,lkarpeev11@google.pl
39,+359 406 603 8838,+380 575 212 2813,Northfield,mguerreru12@amazon.com
40,+86 861 852 3735,+351 761 110 2274,Stuart,hbulley13@ebay.com
41,+86 487 779 8077,+62 801 696 0003,Dahle,ceasum14@statcounter.com
42,+86 174 315 8115,+1 301 380 9763,Arkansas,jwalworche15@bigcartel.com
43,+387 976 876 1003,+370 822 382 1213,Scoville,gosharkey16@google.de
44,+352 146 571 9983,+33 541 550 6634,Monterey,aechallie17@sbwire.com
45,+86 721 371 7882,+375 305 254 8997,Packers,wswoffer18@un.org
46,+84 353 495 8359,+7 338 320 4019,Merry,gmessage19@about.com
47,+27 687 995 0397,+86 539 599 3764,Pankratz,ecowlishaw1a@microsoft.com
48,+7 959 918 7834,+86 259 562 9404,Alpine,cyoskowitz1b@constantcontact.com
49,+55 913 392 8815,+33 366 850 3409,Mcbride,swoolens1c@devhub.com
50,+57 164 516 8552,+62 374 362 3344,Trailsway,elonnon1d@archive.org
51,+86 416 193 3513,+595 104 776 3409,Mockingbird,smaw1e@barnesandnoble.com
52,+996 302 875 5696,+86 609 103 8169,Butternut,epepperrall1f@cam.ac.uk
53,+62 644 581 0245,+62 787 419 9837,Crowley,thearsum1g@ihg.com
54,+62 600 458 7222,+86 303 136 3956,Meadow Valley,gdockwra1h@jugem.jp
55,+20 115 539 7930,+86 721 737 5836,Clemons,egarken1i@google.pl
56,+46 216 833 6357,+62 890 778 7882,Mockingbird,gsibbson1j@time.com
57,+502 972 562 6783,+86 303 781 0085,Evergreen,ideverill1k@cnn.com
58,+7 330 443 2541,+98 579 200 8342,Westend,acarlson1l@wikispaces.com
59,+86 565 412 7124,+256 776 387 3941,Shelley,thailston1m@archive.org
60,+1 260 230 2809,+1 915 243 4111,Scofield,tvieyra1n@cbsnews.com
61,+81 269 437 9509,+86 894 823 9663,Aberg,wemmert1o@devhub.com
62,+48 700 884 9688,+86 696 557 3498,Granby,bmarsham1p@ucsd.edu
63,+86 988 814 6821,+66 331 774 7070,Jenifer,cfrankham1q@facebook.com
64,+351 920 795 4046,+62 990 622 7426,Village,jflacke1r@wordpress.com
65,+62 893 559 1661,+63 879 371 1293,Esch,rjeger1s@noaa.gov
66,+58 489 957 5720,+1 713 372 3906,Scott,ggorling1t@storify.com
67,+62 876 201 9414,+66 658 801 2065,Park Meadow,icallaghan1u@hhs.gov
68,+86 178 440 3070,+994 518 792 4493,Rieder,sgatch1v@loc.gov
69,+358 883 960 4841,+81 734 832 1091,Haas,tbodell1w@studiopress.com
70,+86 842 910 8112,+33 702 515 1005,Gerald,tseven1x@wisc.edu
71,+86 290 835 1004,+86 239 852 0853,Rieder,abeak1y@hubpages.com
72,+63 570 973 0494,+55 484 463 0711,Ryan,cmacandreis1z@themeforest.net
73,+351 673 501 9398,+86 165 975 2923,Blaine,cainsworth20@omniture.com
74,+66 813 313 0613,+62 823 338 6318,Morrow,cavieson21@nyu.edu
75,+1 961 864 1925,+62 122 872 1739,Daystar,lgeorghiou22@merriam-webster.com
76,+420 556 285 0657,+55 186 696 4295,Alpine,acruess23@usda.gov
77,+66 206 199 9737,+385 976 894 6257,Pepper Wood,bbladge24@ibm.com
78,+55 146 111 2951,+51 859 676 2529,Clemons,elunney25@telegraph.co.uk
79,+504 118 636 8361,+226 126 113 0451,Lerdahl,jhaye26@sfgate.com
80,+57 990 410 0858,+86 283 177 6846,Red Cloud,bibbeson27@topsy.com
81,+86 653 389 1334,+86 272 582 0014,Lakewood,shellin28@google.es
82,+1 813 508 4859,+55 437 500 8159,Del Sol,fmemmory29@t-online.de
83,+1 682 211 4708,+55 854 710 8565,Nelson,zlarvin2a@nhs.uk
84,+7 164 219 9080,+86 259 508 6142,Ridgeview,rbullene2b@ibm.com
85,+86 948 433 8891,+380 867 979 3833,Ridgeway,bascraft2c@constantcontact.com
86,+7 542 549 5505,+98 660 308 6004,Shelley,lsaintsbury2d@1und1.de
87,+62 590 319 4653,+57 836 822 3270,Mariners Cove,cfilde2e@un.org
88,+46 978 699 8788,+66 443 854 8060,Pankratz,hloughney2f@e-recht24.de
89,+967 601 536 9920,+46 787 118 8636,Lakewood,mdinnies2g@paginegialle.it
90,+351 389 685 5204,+86 232 765 0355,Ridgeview,hmitchenson2h@state.tx.us
91,+351 326 702 5691,+48 436 329 2599,Moose,rdamant2i@godaddy.com
92,+55 921 852 2432,+62 931 305 4713,Beilfuss,eriach2j@naver.com
93,+1 202 657 6625,+972 882 135 4502,Dapin,rtwyning2k@mapquest.com
94,+375 426 856 5842,+48 913 747 3728,Sage,hmantram2l@mtv.com
95,+351 781 661 9779,+254 716 573 7170,Weeping Birch,cdipple2m@fda.gov
96,+33 558 754 8124,+63 276 727 1490,Bultman,mclarridge2n@vimeo.com
97,+86 302 669 7977,+86 874 783 1612,Forest Dale,aadriano2o@mlb.com
98,+372 771 620 7860,+218 559 495 4773,Dorton,agwillyam2p@tumblr.com
99,+46 929 776 1154,+1 757 106 2307,Warner,mdulanty2q@creativecommons.org
100,+374 894 584 9408,+7 619 850 0487,Mayfield,emccarver2r@tamu.edu
101,+54 610 962 7670,+86 561 130 3280,Vera,ncometson2s@zdnet.com
102,+62 244 929 8755,+51 240 685 9342,Prairieview,benever2t@indiegogo.com
103,+970 680 620 6876,+49 875 600 2316,6th,sjuly2u@army.mil
104,+86 593 102 0136,+62 213 694 9958,Cherokee,cdeeley2v@eventbrite.com
105,+55 356 945 6339,+1 723 170 9961,Spenser,strebble2w@weibo.com
106,+1 774 467 7778,+30 285 735 4563,Colorado,adumbreck2x@posterous.com
107,+62 899 984 4490,+62 173 652 9948,Hansons,djordeson2y@foxnews.com
108,+51 876 360 1325,+86 228 180 9203,Dawn,rbrosius2z@jimdo.com
109,+57 485 141 1088,+1 602 369 4098,Amoth,hswaden30@nsw.gov.au
110,+420 664 852 4150,+46 158 372 9347,Melby,kforber31@lycos.com
111,+261 189 959 5439,+82 407 846 1256,Dayton,fraspel32@dropbox.com
112,+86 801 394 6383,+51 507 157 1474,Del Sol,siashvili33@ftc.gov
113,+86 521 764 3207,+970 487 442 4609,Maple Wood,rligerton34@cpanel.net
114,+86 676 954 5869,+60 479 340 0806,Huxley,cwolfart35@surveymonkey.com
115,+351 199 311 3400,+972 798 229 7749,Red Cloud,rtedder36@nymag.com
116,+1 770 369 5961,+62 986 383 5052,Clemons,ezorzutti37@seesaa.net
117,+62 491 814 9571,+358 685 841 1008,Marquette,dtrinder38@scientificamerican.com
118,+86 614 524 3572,+86 924 905 2197,Annamark,gstaning39@odnoklassniki.ru
119,+351 765 309 6115,+86 512 683 9736,Lerdahl,schopping3a@yahoo.co.jp
120,+57 467 426 3324,+86 367 809 4103,Sommers,iberk3b@privacy.gov.au
121,+33 681 666 2226,+44 474 593 5255,Harbort,tsteere3c@mashable.com
122,+57 821 238 3430,+380 446 616 1395,Ronald Regan,swhalley3d@java.com
123,+7 105 921 8463,+420 435 500 3078,Surrey,ilaxtonne3e@moonfruit.com
124,+7 458 813 2711,+62 528 425 0884,David,edudbridge3f@jigsy.com
125,+55 554 624 0617,+81 844 917 5952,Doe Crossing,enaerup3g@mlb.com
126,+1 801 480 0225,+30 730 754 0415,Grim,mcormack3h@newsvine.com
127,+39 879 883 0873,+351 312 653 9934,Menomonie,acrosfield3i@mail.ru
128,+62 695 947 3893,+63 218 955 9137,Lindbergh,dhaukey3j@weibo.com
129,+54 325 393 2414,+86 269 727 2623,Pawling,myokel3k@tmall.com
130,+54 155 339 7592,+49 664 209 2688,Lawn,sbroader3l@livejournal.com
131,+86 287 562 0834,+261 288 781 9674,Twin Pines,hbusen3m@arstechnica.com
132,+502 339 612 2128,+7 686 982 7023,Calypso,cdownie3n@altervista.org
133,+57 691 321 5473,+351 444 679 3282,Tony,kwilber3o@mayoclinic.com
134,+33 454 364 5306,+593 642 281 9448,Eastwood,jghion3p@bigcartel.com
135,+86 596 700 0769,+1 631 773 8130,Milwaukee,mdelion3q@upenn.edu
136,+7 895 350 6788,+66 791 652 9887,Arapahoe,rcometson3r@technorati.com
137,+86 386 723 3915,+30 242 990 2006,Melvin,bkhoter3s@economist.com
138,+51 918 243 9650,+62 756 707 6366,Fairview,reberts3t@indiegogo.com
139,+62 590 468 4984,+55 648 910 6888,Larry,lloeber3u@sun.com
140,+852 869 140 3628,+62 975 840 2528,Brickson Park,vwickliffe3v@seattletimes.com
141,+86 874 111 0714,+420 200 869 1778,Meadow Valley,cyukhnin3w@unicef.org
142,+371 636 806 7057,+213 816 816 2853,Summerview,lspyby3x@plala.or.jp
143,+387 949 267 9040,+30 380 109 6923,Maywood,cfidele3y@reverbnation.com
144,+880 495 691 7945,+7 801 508 0147,Eagan,ralliker3z@thetimes.co.uk
145,+63 577 919 7434,+86 210 377 6335,Butterfield,rsimonin40@hao123.com
146,+86 287 820 6468,+86 939 723 6568,Grayhawk,ssoame41@sciencedaily.com
147,+352 446 137 1187,+86 816 623 1282,Cambridge,dliston42@state.tx.us
148,+48 387 871 1778,+62 852 687 9004,Hauk,pkynforth43@hhs.gov
149,+7 816 427 1239,+62 949 142 8671,Dawn,obetje44@ameblo.jp
150,+55 502 438 6492,+7 432 121 5037,Hintze,mandreotti45@miitbeian.gov.cn
151,+86 842 208 3233,+1 256 599 7417,Express,gvasile46@usatoday.com
152,+86 778 160 6978,+86 126 273 9851,Di Loreto,mmacgrath47@imgur.com
153,+383 324 971 1551,+62 733 712 4265,North,bwalhedd48@stumbleupon.com
154,+57 572 912 8832,+62 727 320 9364,Pierstorff,saronovitz49@ycombinator.com
155,+212 281 316 3293,+54 542 889 5179,Center,aneillans4a@japanpost.jp
156,+375 174 485 4054,+92 443 490 6974,Sauthoff,reltringham4b@i2i.jp
157,+57 965 692 3252,+1 402 907 0648,Moland,bsapson4c@geocities.com
158,+86 249 635 7918,+86 802 401 2406,Village Green,rcargo4d@salon.com
159,+62 128 776 4576,+7 813 752 5788,Fair Oaks,tanersen4e@jugem.jp
160,+55 950 339 2170,+7 459 270 0067,Burrows,dleys4f@tinypic.com
161,+54 874 910 2624,+66 730 801 9863,Granby,nmegson4g@amazon.com
162,+63 200 267 6212,+62 885 766 5408,Dawn,hgridon4h@bigcartel.com
163,+261 389 816 4933,+63 360 369 2749,Hansons,lhusby4i@disqus.com
164,+62 418 185 7186,+235 218 934 1086,Steensland,vlaurence4j@sun.com
165,+66 859 476 9377,+351 849 309 3499,4th,astummeyer4k@microsoft.com
166,+86 505 745 5324,+84 769 281 3941,Carpenter,jropkins4l@technorati.com
167,+86 692 536 3761,+62 623 862 6773,Caliangt,dferraretto4m@ask.com
168,+62 319 741 1583,+372 669 106 0485,Vermont,ctaggart4n@jigsy.com
169,+66 223 576 6141,+62 499 580 2261,Grim,dosmond4o@marketwatch.com
170,+86 226 341 2881,+972 932 207 1329,Carioca,cdanet4p@columbia.edu
171,+55 979 761 2993,+62 247 612 6226,7th,cgodbold4q@dropbox.com
172,+86 725 306 5533,+358 848 632 4057,Hoepker,pledingham4r@wikispaces.com
173,+593 217 419 2236,+20 261 536 2816,Corscot,rjago4s@w3.org
174,+63 521 124 6250,+351 668 425 2708,Debs,hclaesens4t@wiley.com
175,+62 591 311 4563,+63 932 280 8527,Hazelcrest,rbosnell4u@cisco.com
176,+351 838 684 0564,+420 231 208 6175,Nova,cdriscoll4v@prweb.com
177,+62 666 942 1719,+55 352 208 0908,Sycamore,bstealy4w@skype.com
178,+380 953 786 4888,+509 793 853 2357,Evergreen,lambler4x@dropbox.com
179,+86 768 324 1815,+86 125 782 9406,Clemons,cgreenly4y@pcworld.com
180,+351 617 719 1204,+66 370 825 0377,Ridge Oak,bgidney4z@uiuc.edu
181,+254 333 219 3098,+55 363 696 3759,Elka,proelofsen50@cloudflare.com
182,+63 363 478 3556,+62 234 101 9079,Doe Crossing,wmcgrirl51@usnews.com
183,+86 746 189 7114,+7 109 522 9717,Burning Wood,meyree52@ameblo.jp
184,+66 970 818 1606,+86 495 755 9088,Ramsey,scavey53@lulu.com
185,+33 826 263 6674,+7 281 171 1734,Algoma,mmakiver54@is.gd
186,+1 261 198 0155,+86 620 986 9056,Morning,bcadge55@last.fm
187,+62 799 953 5274,+359 354 578 7117,Meadow Ridge,mpidcock56@symantec.com
188,+86 543 240 1324,+7 850 629 5407,Veith,efivey57@tumblr.com
189,+63 889 995 0112,+62 833 613 8706,Dennis,dtwidle58@blogtalkradio.com
190,+353 379 789 9484,+382 531 919 0244,Novick,raustin59@economist.com
191,+1 605 397 3795,+598 427 547 6063,Upham,ccasper5a@google.cn
192,+7 782 549 0484,+55 406 179 8571,Prentice,trisbridge5b@blogger.com
193,+251 725 506 8248,+212 494 168 9159,Harper,gsinncock5c@toplist.cz
194,+358 262 225 7258,+63 601 611 3124,Manitowish,clawfull5d@china.com.cn
195,+46 433 606 0746,+86 301 371 9800,Anhalt,zpinner5e@cam.ac.uk
196,+62 448 399 1695,+33 191 648 6719,Westridge,scottage5f@redcross.org
197,+86 503 710 4330,+62 748 646 8895,Anhalt,csuddards5g@domainmarket.com
198,+86 917 648 2374,+371 342 167 4640,Scott,rsiveter5h@springer.com
199,+48 920 106 3549,+7 291 124 0929,Moose,naguirrezabala5i@soundcloud.com
200,+55 316 241 6383,+86 102 409 6374,Steensland,edudny5j@archive.org
201,+86 632 184 2564,+86 845 192 6546,Hanson,tcornillot5k@google.com.br
202,+30 557 705 6534,+598 612 862 7585,Clove,jbuckney5l@infoseek.co.jp
203,+386 284 391 4598,+351 331 526 2118,Montana,tdeclerk5m@opera.com
204,+595 846 618 6853,+255 497 502 9170,Orin,follivier5n@free.fr
205,+58 479 315 9844,+358 757 900 7177,Longview,brozet5o@istockphoto.com
206,+62 368 788 3432,+503 117 545 6111,Tony,aerricker5p@wikia.com
207,+62 871 158 0686,+249 110 643 2472,Goodland,tbyne5q@army.mil
208,+351 286 126 0505,+57 668 833 1531,Forest,ryeatman5r@blogs.com
209,+63 635 993 4754,+62 244 545 4525,Derek,dfrenchum5s@eventbrite.com
210,+62 484 247 9321,+48 302 256 2114,Shoshone,mmcquirk5t@devhub.com
211,+63 758 471 1350,+86 314 134 4015,Leroy,mmunby5u@biblegateway.com
212,+63 965 912 8160,+86 699 470 8463,Merchant,hshawcroft5v@mlb.com
213,+381 462 178 9777,+62 508 695 6061,Elka,hmccluskey5w@istockphoto.com
214,+7 887 108 5030,+62 778 237 2883,Grover,jbernuzzi5x@cisco.com
215,+55 980 328 6612,+55 491 103 9047,Upham,mdowey5y@paginegialle.it
216,+7 312 470 6983,+86 232 825 6144,Del Sol,vspinks5z@go.com
217,+62 106 339 4416,+33 907 187 7368,Bowman,smahedy60@domainmarket.com
218,+7 581 861 1472,+86 195 752 4971,Florence,iclarkin61@ameblo.jp
219,+86 761 807 4931,+1 318 212 5590,Myrtle,ttynan62@icio.us
220,+86 377 856 3407,+7 551 397 3003,Talisman,mrouge63@symantec.com
221,+81 347 732 5423,+86 927 433 0282,Mendota,nbartocci64@businessinsider.com
222,+52 427 780 7796,+30 738 204 8460,Logan,rbarkess65@bing.com
223,+1 478 960 6797,+380 198 503 9913,Anhalt,tlavallie66@addtoany.com
224,+63 873 587 8685,+33 784 258 1084,Derek,bbadwick67@google.com.au
225,+1 703 881 3709,+81 529 402 5990,Texas,afranzelini68@tmall.com
226,+880 986 696 8791,+380 736 843 8032,Carioca,ndibden69@surveymonkey.com
227,+62 163 555 2377,+86 282 193 4017,Sloan,jpude6a@w3.org
228,+52 457 523 6595,+355 505 225 1320,Golf View,wmcsharry6b@over-blog.com
229,+51 953 644 0532,+63 753 222 2892,Pearson,bcosgry6c@vk.com
230,+86 957 487 4297,+66 276 559 1563,Bellgrove,spenney6d@buzzfeed.com
231,+374 841 259 9367,+63 425 572 0202,Sycamore,cforde6e@nasa.gov
232,+57 512 839 4432,+66 481 778 7598,Valley Edge,rchooter6f@timesonline.co.uk
233,+63 571 155 4031,+63 369 808 1227,Grim,khelin6g@jugem.jp
234,+86 356 253 9502,+55 289 656 4641,Bayside,twetherhead6h@noaa.gov
235,+51 918 250 3329,+880 198 409 6823,Autumn Leaf,jsebire6i@amazon.co.uk
236,+216 980 619 7662,+224 653 479 6479,Esch,hassur6j@shinystat.com
237,+63 461 519 5715,+86 735 157 1004,Northwestern,kkersley6k@bandcamp.com
238,+86 112 589 1732,+86 869 218 5153,Lakeland,ghardes6l@fotki.com
239,+351 546 850 7253,+86 405 696 5528,Lawn,ahughes6m@devhub.com
240,+86 661 490 5081,+86 563 445 9299,Milwaukee,pcharrett6n@netvibes.com
241,+93 774 191 0534,+81 125 556 8083,Hovde,bmacterrelly6o@fema.gov
242,+63 687 581 7875,+420 944 461 5549,Westerfield,gdudman6p@java.com
243,+86 470 173 4784,+48 137 917 4390,Memorial,acaldera6q@behance.net
244,+386 995 899 7113,+55 437 297 8730,Farmco,cluety6r@shinystat.com
245,+86 786 703 9767,+62 886 157 4021,Amoth,lslocombe6s@ox.ac.uk
246,+84 797 721 7935,+31 767 568 3738,Logan,schawner6t@google.fr
247,+351 574 293 0524,+55 484 311 9056,Village,fmunslow6u@cbsnews.com
248,+98 479 766 3330,+963 123 965 7864,Division,mbossons6v@illinois.edu
249,+351 275 232 5709,+223 622 738 3536,Armistice,gmuncey6w@marriott.com
250,+63 599 586 8526,+63 412 133 2997,Eastwood,jmccahill6x@yolasite.com
