dni,nombre,apellido,sexo,natalicio,id_os
1,Alvin,Calvert,Male,12/12/1998,1
2,Trudy,Cottell,Female,12/26/2002,2
3,Fred,Goring,Male,1/27/2006,3
4,Debby,Oppery,Female,6/7/1996,4
5,Christel,Sheaber,Female,6/23/1997,5
6,Engracia,Tale,Female,2/14/1968,6
7,Leonelle,Seeger,Female,11/12/2011,7
8,Hamel,Coleson,Male,10/26/1984,8
9,Neilla,Filisov,Female,10/26/1966,9
10,Alaine,Mounsey,Polygender,6/21/1969,10
11,Torin,Flipsen,Male,5/26/1988,11
12,Johann,Osipenko,Male,9/3/1954,12
13,Killian,Blaszkiewicz,Male,2/22/1951,13
14,Jere,Kielt,Female,6/7/1996,14
15,Bernardina,Letterese,Female,2/2/1971,15
16,Isa,Rivallant,Genderfluid,3/15/2019,16
17,Dagny,Nezey,Male,5/5/1994,17
18,Cristian,Nannoni,Male,12/19/2004,18
19,Renaud,Richten,Male,8/20/1974,19
20,Zora,Chree,Female,4/7/1957,20
21,Blanche,Brookes,Female,11/15/1958,21
22,Norry,Emmanueli,Male,7/28/2003,22
23,Hussein,Fontanet,Male,8/14/1971,23
24,Craggy,Kearn,Male,12/19/2011,24
25,Dyanna,Harbour,Female,9/26/1983,25
26,Leola,Feast,Female,3/21/1994,26
27,Malorie,Munnion,Non-binary,3/16/2005,27
28,Anastasie,Stenners,Female,3/16/2000,28
29,Teri,Matussov,Female,1/2/2008,29
30,Bab,Dionis,Female,5/23/1989,30
31,Archambault,Baythorp,Male,2/19/1964,31
32,Alanson,Tumpane,Male,1/12/1999,32
33,Antonetta,Hannon,Female,8/24/1995,33
34,Trescha,Northidge,Female,12/21/2006,34
35,Phillip,Binden,Male,4/2/1956,35
36,Gayleen,Zorzetti,Female,9/10/1955,36
37,Lorna,Backen,Female,9/14/2000,37
38,Bella,Spary,Female,8/2/1971,38
39,Loretta,Dimitrijevic,Female,4/16/2003,39
40,Joelie,Chezelle,Non-binary,8/23/1960,40
41,Donn,Chaffer,Male,5/18/1955,41
42,Roselle,Rothert,Female,6/25/2001,42
43,Niall,Peters,Male,3/22/1997,43
44,Oswald,Yesinov,Male,3/25/1994,44
45,Alfonso,McCloughen,Male,2/21/1986,45
46,Beth,Klementz,Female,11/9/1968,46
47,Laney,Coventon,Male,3/31/1978,47
48,Asher,Feldmus,Male,10/6/2015,48
49,Kerwin,Matusov,Male,8/31/1966,49
50,Antin,Purry,Male,5/9/1963,50
51,Maribelle,Elsmore,Female,3/22/1989,51
52,Wenda,Henlon,Female,1/31/1961,52
53,Dolley,Trusler,Female,10/19/1963,53
54,Dene,Spindler,Male,7/28/1955,54
55,Marilee,Rosentholer,Female,8/27/1986,55
56,Guy,Bread,Male,2/27/1991,56
57,Raeann,Greenland,Bigender,8/14/1988,57
58,Karee,Dombrell,Female,1/20/1998,58
59,Randell,Blackall,Male,7/28/1986,59
60,Charla,Archibould,Female,4/17/1980,60
61,Coralie,Ceci,Female,9/25/1997,61
62,Lincoln,Thaw,Male,10/29/1986,62
63,Huntlee,Flowerdew,Bigender,4/21/2017,63
64,Ida,Wapple,Female,6/13/2002,64
65,Lorette,Cudworth,Agender,2/20/2003,65
66,Milka,Lanchbery,Genderfluid,2/12/1992,66
67,Savina,Renzullo,Female,6/30/1991,67
68,Aida,Grinyov,Female,5/27/1995,68
69,Marcelia,Meharry,Genderqueer,4/2/2015,69
70,Adan,Shea,Male,1/11/2016,70
71,Florri,Brugden,Female,1/16/1957,71
72,Gilles,Legendre,Male,2/2/2006,72
73,Remus,Turk,Male,7/13/1986,73
74,Ian,Mahomet,Male,3/20/1965,74
75,Germaine,Gwillim,Male,4/13/1953,75
76,Rosy,Mordy,Female,11/3/1999,76
77,Jermaine,McKernon,Female,9/10/1950,77
78,Issiah,Rubinowitch,Male,7/22/1974,78
79,Arabel,Lord,Female,12/7/1968,79
80,Angeli,Duckwith,Male,7/17/1998,80
81,Adan,Newham,Female,7/18/2021,81
82,Lucille,Corbert,Female,9/5/2007,82
83,Othilia,Edgington,Female,4/22/1997,83
84,Haroun,Silbersak,Male,5/14/1987,84
85,Clarine,Shadfourth,Female,5/3/1996,85
86,Caterina,Lembrick,Non-binary,2/21/1952,86
87,Hynda,Jeyes,Female,10/1/1955,87
88,Virgina,Henryson,Female,12/1/1986,88
89,Desiri,McAtamney,Female,4/2/2018,89
90,Scarlet,Cobbledick,Female,8/30/1968,90
91,Gertrud,Rosina,Female,11/25/1980,91
92,Xever,Baldcock,Male,1/5/1999,92
93,Julita,Domney,Female,2/10/1951,93
94,Cyndie,Flux,Female,5/20/1960,94
95,Jabez,Ledingham,Male,10/15/1981,95
96,Gabey,Craine,Female,10/17/2008,96
97,Chaim,Haliburn,Male,11/26/1980,97
98,Zack,Lorrie,Male,7/22/1964,98
99,Aurthur,Duchan,Agender,1/7/2016,99
100,Lauralee,Grassett,Female,2/13/1990,100
101,Delbert,Mandell,Male,5/21/1991,101
102,Lonee,Colling,Female,8/7/1957,102
103,Meryl,Mallalieu,Male,3/18/1988,103
104,Ingrim,Spellacy,Male,2/27/1996,104
105,Bernie,Nichols,Male,1/24/1953,105
106,Giffy,Champkins,Male,6/1/1981,106
107,Paulita,Davidek,Female,7/15/1986,107
108,Lorraine,Winwood,Genderqueer,12/24/2010,108
109,Rudolf,Brokenbrow,Male,3/25/2010,109
110,Peder,Whetland,Male,4/7/1986,110
111,Ole,Greenrde,Male,4/7/1989,111
112,Hubert,Stenners,Male,6/21/1955,112
113,Zacharia,Aronsohn,Male,6/20/2012,113
114,Juana,Works,Genderqueer,5/10/1952,114
115,Bing,Chree,Male,11/10/1955,115
116,Keelby,O'Driscole,Male,4/11/2019,116
117,Bryn,Wilmot,Female,3/24/1994,117
118,Silvia,Redfield,Female,10/26/1961,118
119,Isaak,Axten,Male,11/6/2004,119
120,Jeri,Rimmington,Female,3/4/1964,120
121,Baryram,McKinie,Male,6/10/1983,121
122,Dari,Farrah,Female,4/14/1955,122
123,Stace,Gazzard,Polygender,2/1/2011,123
124,Petronia,Yakobowitz,Female,3/23/2017,124
125,Stanwood,Rosin,Male,10/24/1995,125
126,Debbi,Thulborn,Female,2/9/2016,126
127,Theodore,Swale,Male,6/27/1955,127
128,Marcel,Grover,Male,12/3/1988,128
129,Stefania,Edeler,Female,8/9/2011,129
130,Sabina,de Vaen,Female,6/8/1965,130
131,Ellen,Clery,Female,7/28/1981,131
132,Alan,Jambrozek,Bigender,4/26/2008,132
133,Donnamarie,Hyndley,Female,9/26/2017,133
134,Ree,Layson,Female,3/19/1956,134
135,Germana,Monkeman,Agender,4/8/2022,135
136,Armin,MacCarrick,Male,8/13/1978,136
137,Susanna,Crichten,Female,5/17/1954,137
138,Zebulon,Cavill,Male,1/30/1989,138
139,Maddalena,Deek,Female,11/7/2012,139
140,Levey,Dupoy,Male,9/16/1990,140
141,Imelda,Deverille,Genderqueer,7/18/1966,141
142,Marcelle,Fydo,Female,3/19/1975,142
143,Nanni,Gabler,Female,1/10/1962,143
144,Averill,Sebrook,Male,10/21/1964,144
145,Butch,Challice,Male,6/4/1969,145
146,Daryn,Duchenne,Female,1/30/1951,146
147,Riobard,Allanson,Male,4/21/1952,147
148,Lexie,Aleksashin,Female,11/16/1953,148
149,Norry,Glasgow,Male,5/9/1981,149
150,Seymour,Shave,Male,7/5/1998,150
151,Phelia,Emmer,Agender,5/14/1987,151
152,Cassie,Fogel,Male,4/16/1972,152
153,Mace,Pawelke,Male,4/10/1966,153
154,Annis,Maypowder,Genderfluid,9/29/1969,154
155,Benito,Wortman,Male,3/11/1985,155
156,Vergil,Leafe,Male,10/12/1956,156
157,Chrisse,MacCombe,Male,4/16/2019,157
158,Claudina,Ridsdale,Female,8/29/1997,158
159,Tod,McKyrrelly,Male,9/3/1969,159
160,Saraann,Prestie,Female,5/11/2006,160
161,Halsy,Lesser,Male,1/12/1953,161
162,Emelia,Cabotto,Female,11/13/1979,162
163,Muire,Beardsall,Female,3/24/1963,163
164,Sanders,Cashley,Male,9/4/2007,164
165,Olly,Kidman,Male,3/30/1975,165
166,Ansley,Durkin,Female,12/20/1992,166
167,Helge,Byles,Female,8/5/2012,167
168,Morna,Hickenbottom,Female,3/23/1954,168
169,Miles,Vinter,Male,10/28/1977,169
170,Justinn,Madeley,Female,9/17/2001,170
171,Latrina,Shepland,Female,8/17/1950,171
172,Lina,Lownds,Female,4/10/1978,172
173,Ajay,Averies,Female,11/20/1951,173
174,Ainsley,Verecker,Female,5/2/2020,174
175,Therese,Dourin,Female,7/24/1979,175
176,Kipper,McTurk,Male,4/23/2022,176
177,Orran,Sorsby,Male,4/19/2014,177
178,Aaron,Gorring,Male,10/19/1995,178
179,Emanuel,Shillitto,Male,2/9/1980,179
180,Walker,Lages,Male,4/1/1972,180
181,Ira,Boulds,Male,4/19/1994,181
182,Estel,Beastall,Female,3/1/1960,182
183,Boycie,Preator,Male,8/30/1962,183
184,Drusi,Jelf,Female,12/1/1955,184
185,Foss,Brounfield,Genderqueer,11/20/2002,185
186,Sibyl,Triplet,Female,5/19/2022,186
187,Ardisj,Parnaby,Polygender,6/14/2006,187
188,Fredra,Eilles,Female,8/14/1959,188
189,Miles,Mannooch,Male,12/4/1954,189
190,Tedmund,Rylatt,Male,6/24/1998,190
191,Chickie,Cotte,Male,10/6/2019,191
192,Joshuah,Gilstin,Male,1/1/1957,192
193,Ivory,Wotherspoon,Female,6/2/2000,193
194,Ketti,Olford,Female,8/19/1967,194
195,Danila,Olifard,Genderfluid,6/1/1973,195
196,Lilith,Dimmock,Female,12/10/2002,196
197,Deana,Defraine,Female,3/29/1970,197
198,Clarance,Bachura,Male,11/6/1984,198
199,Allen,Mudie,Male,11/4/2015,199
200,Viviyan,Loines,Female,8/30/1991,200
201,Derrik,Pennacci,Male,3/27/2011,201
202,Sebastien,Franz-Schoninger,Male,7/22/1993,202
203,Lucian,Jonathon,Male,2/17/1981,203
204,Roseline,Attkins,Female,6/6/1963,204
205,Vic,Wint,Genderqueer,1/15/1956,205
206,Merla,Beddon,Polygender,4/26/2021,206
207,Rosanne,McKellar,Female,6/26/1983,207
208,Russ,Cranfield,Male,1/1/1977,208
209,Ragnar,Brunn,Male,9/18/1994,209
210,Petr,Gauntlett,Male,8/6/1958,210
211,Courtney,Snashall,Male,4/26/1960,211
212,Ebba,von Grollmann,Female,10/30/1971,212
213,Tara,Brinson,Female,10/27/2001,213
214,Jessee,Klausewitz,Male,10/31/2010,214
215,Templeton,Brodley,Bigender,11/14/1971,215
216,Barby,Killgus,Female,4/20/2008,216
217,Carie,Allmann,Female,7/12/2004,217
218,Michail,Sieve,Male,1/27/1954,218
219,Harriette,Critchard,Female,12/12/2014,219
220,Ibrahim,Dunkinson,Male,12/17/1957,220
221,Roi,O'Connor,Male,12/21/1952,221
222,Ike,Gloucester,Male,8/20/1980,222
223,Mahalia,Conybear,Female,2/7/2005,223
224,Byrom,Bottby,Male,4/19/1954,224
225,Aime,Habershaw,Female,8/17/1951,225
226,Marmaduke,Freen,Male,8/29/1987,226
227,Koralle,Edgson,Female,4/11/1965,227
228,Bren,Suerz,Female,12/29/1957,228
229,Lynnea,Korbmaker,Female,4/26/2008,229
230,Elden,Prewett,Male,4/13/2002,230
231,Doy,McQuirk,Male,1/16/1976,231
232,Dewain,Magwood,Genderqueer,12/4/1990,232
233,Brittne,Breens,Female,1/7/1967,233
234,Berke,Foster,Male,1/3/2018,234
235,Paco,Northwood,Male,7/31/2005,235
236,Rhodie,Rapp,Female,8/30/1969,236
237,Gale,Benmore,Male,9/2/1956,237
238,Morry,Sallery,Male,6/13/1986,238
239,Kerr,Gourlay,Male,5/29/2003,239
240,Elaine,Baseke,Female,11/18/2010,240
241,Frayda,Janus,Female,2/10/2009,241
242,Lissie,Vallack,Female,1/2/1959,242
243,Hinda,Coffey,Female,11/27/1997,243
244,Edyth,Wadwell,Female,3/22/1968,244
245,Alexandro,Fenning,Male,6/10/1968,245
246,Isidor,Vurley,Male,10/31/2008,246
247,Marylinda,Jacobovitch,Female,3/13/2011,247
248,Vincent,O'Regan,Male,4/23/1967,248
249,Jdavie,O'Bradane,Male,2/14/1955,249
250,Stafani,Dashper,Female,10/24/1994,250
251,Aylmar,Coolahan,Male,10/20/1958,251
252,Chryste,Ambrozik,Genderqueer,8/19/1998,252
253,Dietrich,Buxcey,Male,3/1/2016,253
254,Mabelle,Upcott,Female,9/4/2022,254
255,Jimmie,MacGeaney,Male,8/4/1982,255
256,Devlin,Birkbeck,Male,2/21/2022,256
257,Shaylah,Shurrock,Female,6/6/2005,257
258,Ferrell,Kohring,Male,9/30/1976,258
259,Paco,Cowl,Male,2/27/1952,259
260,Idalina,Sholem,Female,8/21/1968,260
261,Ambrose,Jarvie,Male,3/31/2007,261
262,Cornall,Stevenson,Male,4/4/2001,262
263,Liana,Howsley,Female,3/15/1983,263
264,Amandy,Triswell,Female,9/11/1963,264
265,Erastus,Pinock,Genderqueer,2/12/1999,265
266,Edgar,Joseph,Male,5/31/1956,266
267,Marieann,Alejo,Female,8/14/1992,267
268,Neddy,Arnaudi,Male,11/27/2016,268
269,Zola,Boness,Female,6/21/2003,269
270,Lynna,Sposito,Female,3/30/1957,270
271,Ella,Massinger,Female,4/22/1968,271
272,Terry,McDade,Female,10/11/1966,272
273,Leola,Mulvin,Female,11/19/1954,273
274,Gothart,Lambrook,Male,6/2/1973,274
275,Sherilyn,Epton,Female,4/12/1984,275
276,Kipp,Greiswood,Male,3/14/2021,276
277,Sigismond,Gallehawk,Male,6/22/1975,277
278,Byram,Riping,Male,3/20/2014,278
279,Bronson,Pittaway,Male,1/6/1969,279
280,Rheba,Sprade,Female,10/7/1984,280
281,Arabelle,McMurtyr,Genderfluid,10/3/2011,281
282,Jarrett,Breadmore,Male,12/18/1994,282
283,Florry,Boame,Female,7/22/1985,283
284,Felicle,Brosius,Female,5/29/1959,284
285,Jocelyne,Hebborn,Female,8/10/2013,285
286,Yard,Brudenell,Male,1/10/2004,286
287,Obidiah,Endle,Male,4/7/1962,287
288,Hughie,Leal,Male,12/8/2010,288
289,Abelard,Latter,Bigender,2/2/1975,289
290,Oliy,Bail,Female,5/31/1985,290
291,Tye,Gahagan,Male,3/1/2012,291
292,Winnie,Blance,Male,10/5/1989,292
293,Hilliard,Penticoot,Male,12/20/2008,293
294,Phillipp,Metzke,Agender,10/7/2009,294
295,Khalil,Brecon,Male,5/10/1997,295
296,Ardelia,Sundin,Female,9/11/2011,296
297,Melisent,Etheredge,Bigender,7/9/2020,297
298,Felice,Youde,Female,8/5/1986,298
299,Correy,D'Aubney,Male,12/18/1956,299
300,Ardeen,Euels,Female,11/22/1993,300
301,Amby,Geyton,Male,1/13/1957,301
302,Demetris,Stuckley,Male,2/1/1990,302
303,Ronnie,Ceschi,Male,12/8/2016,303
304,Beltran,Roubert,Male,10/19/2002,304
305,Myrwyn,Spoor,Male,7/10/2008,305
306,Berny,Puller,Male,6/2/2003,306
307,Michelle,Blandamore,Female,8/12/1997,307
308,Silas,Makiver,Male,5/30/1976,308
309,Krystal,Sage,Female,11/8/2005,309
310,Beulah,Jilliss,Female,7/14/1954,310
311,Tammi,Heavy,Female,10/12/1992,311
312,Lorens,Pockey,Bigender,6/24/2007,312
313,Fabian,Swyre,Male,9/3/1980,313
314,Pris,Skerrett,Female,4/24/1955,314
315,Cammy,Ferriman,Male,7/28/2014,315
316,Annis,Brimilcombe,Female,5/14/1977,316
317,Candi,Cornillot,Female,1/17/1995,317
318,Griffy,Allsworth,Male,4/30/1964,318
319,Enos,Fass,Male,2/12/1969,319
320,Chantalle,Alldis,Female,11/10/1954,320
321,Alfonse,Hanley,Male,7/26/2000,321
322,Mavra,Lechelle,Female,6/15/2007,322
323,Alfonso,Spare,Male,7/25/1994,323
324,Kellyann,Gohier,Female,8/26/2014,324
325,Persis,MacChaell,Bigender,6/19/1950,325
326,Gardener,Batchelar,Non-binary,8/27/2014,326
327,Rhoda,Archell,Female,2/5/1975,327
328,Huberto,Erbe,Male,12/19/1972,328
329,Gaspard,Archley,Male,3/22/1954,329
330,Janina,Vedyaev,Female,2/23/2010,330
331,Mimi,Hawket,Female,9/23/1991,331
332,Astrix,Heazel,Non-binary,9/29/1950,332
333,Henka,Nolleau,Female,6/11/1999,333
334,Alecia,Hatherley,Female,7/27/1959,334
335,Bern,Zimmerman,Male,4/16/2004,335
336,Moria,Peckitt,Female,11/12/1960,336
337,Mel,Calwell,Male,8/19/2015,337
338,Letta,Ganniclifft,Female,11/24/1972,338
339,Glendon,Moles,Male,1/26/1965,339
340,Shaina,Lathy,Female,12/9/1968,340
341,Myrtice,Liston,Genderfluid,4/26/1951,341
342,Berky,Rusk,Male,12/13/2009,342
343,Tremaine,Beldam,Male,9/27/2014,343
344,Asa,Bellelli,Male,2/17/1987,344
345,Ingmar,Shenfish,Male,11/25/1967,345
346,Cherida,Trundler,Female,5/11/2018,346
347,Bartholomeus,Gimson,Male,9/28/1965,347
348,Aigneis,Whiteley,Female,1/2/1965,348
349,Lynde,Najara,Female,11/30/2007,349
350,Erinna,Broadbury,Female,2/29/1956,350
351,Merell,Potzold,Male,1/21/1973,351
352,Felicity,Villalta,Female,7/25/2005,352
353,Vivienne,Colbridge,Female,2/20/1966,353
354,Prent,Faro,Male,10/20/2007,354
355,Kelsey,Davis,Male,2/9/1959,355
356,Toddy,Rumke,Male,3/11/2019,356
357,Jereme,Cantera,Male,1/14/2011,357
358,Delano,Cottee,Male,8/20/1960,358
359,Lacy,Molfino,Female,10/28/2004,359
360,Mala,Heffron,Female,2/5/1952,360
361,Kristan,Ciccarello,Female,6/27/1964,361
362,Gilly,Chstney,Female,9/8/2008,362
363,Amerigo,Forsdike,Male,1/5/2021,363
364,Alexandrina,Budget,Female,9/26/2003,364
365,Herta,Lyptratt,Female,4/22/1997,365
366,Sandy,Blanque,Non-binary,7/14/1963,366
367,Norah,Glabach,Female,1/22/1965,367
368,Matthias,Shaxby,Male,12/12/1997,368
369,Hugibert,Saur,Male,5/26/1953,369
370,Barnabe,Harriagn,Male,4/16/1965,370
371,Sheree,Durdy,Female,4/13/2019,371
372,Nolana,Nudde,Female,1/29/1969,372
373,Fancy,Abramamov,Female,8/19/1952,373
374,Ingeberg,Summersby,Female,2/20/2015,374
375,Nicolas,Dorr,Male,6/7/1990,375
376,Merna,Kilgannon,Female,6/25/2014,376
377,Mose,Amberg,Male,12/29/1986,377
378,Sheeree,Skone,Female,12/17/1975,378
379,Darb,Kingcote,Male,1/6/2020,379
380,Minni,Ausello,Female,8/2/1993,380
381,Annaliese,Joye,Female,6/26/1972,381
382,Valerie,Grayley,Agender,9/26/1970,382
383,Leona,Silkston,Female,7/10/2005,383
384,Minna,Lammert,Female,8/1/1982,384
385,Ferdinand,Pieche,Male,12/28/2013,385
386,Carey,Grigoryev,Female,7/27/1985,386
387,Sibylle,Heikkinen,Female,3/16/1964,387
388,Wiley,Blaisdale,Male,9/7/1979,388
389,Doug,Witt,Male,2/2/1957,389
390,Papageno,Shale,Male,9/27/1982,390
391,Thorpe,Currom,Male,5/7/1983,391
392,Marla,Lohrensen,Female,12/1/1951,392
393,Trista,Yuryshev,Female,5/25/2020,393
394,Karry,Govini,Non-binary,12/1/2019,394
395,Ofella,Molian,Female,5/14/2001,395
396,Kermy,Sicily,Male,10/24/1976,396
397,Mahalia,Gilliat,Female,4/10/2015,397
398,Jeremy,Lowthian,Bigender,9/16/2022,398
399,Stesha,Bussy,Female,9/6/1998,399
400,Wenona,Goatcher,Female,7/21/1975,400
