dni_paciente , telefono , celular , direccion , mail
931264701 , +54(573)2805753 , +54(610)4494132 , Ramsey , bmirando0@jigsy.com
910452800 , +54(449)8905021 , +54(612)8403015 , Algoma , dscartifield1@typepad.com
843784058 , +54(682)2682857 , +54(777)6598269 , Morrow , spudge2@amazon.co.uk
652923009 , +54(597)4098620 , +54(504)4750271 , Annamark , esignoret3@shop-pro.jp
648283757 , +54(413)8109828 , +54(586)6233571 , Pankratz , mpriddey4@51.la
856110095 , +54(309)5222459 , +54(797)5029958 , MeadowVale , ckembley5@yale.edu
776669914 , +54(867)1945360 , +54(411)7631247 , Logan , pgloves6@arstechnica.com
602022843 , +54(710)9847243 , +54(557)2359968 , Hanover , lwardhough7@gov.uk
846521697 , +54(844)8811484 , +54(330)9836113 , Elka , dgreatham8@ask.com
937168986 , +54(245)4548206 , +54(724)2534791 , Fallview , lpickwell9@ucla.edu
799978968 , +54(502)5746053 , +54(378)1946579 , School , tseppeya@wikia.com
300548206 , +54(748)5174892 , +54(497)5088143 , Havey , btightb@stumbleupon.com
073634314 , +54(392)4266784 , +54(677)1446504 , Hermina , dballingc@deliciousdays.com
607956496 , +54(359)8289042 , +54(239)8938746 , Jana , chancockd@stanford.edu
625843982 , +54(223)7379272 , +54(649)2328966 , 3rd , mmountjoye@hubpages.com
656680812 , +54(963)3552897 , +54(112)9037745 , Barnett , rmorrisseyf@europa.eu
645289344 , +54(761)3829072 , +54(800)7974167 , Maple , jmarciskewskig@fastcompany.com
103478270 , +54(785)4169131 , +54(636)5077487 , Hallows , ewadgeh@huffingtonpost.com
910452800 , +54(557)1018790 , +54(174)2768163 , DoeCrossing , aradagei@howstuffworks.com
087044720 , +54(216)9480136 , +54(256)8726969 , Eastwood , mperrottetj@walmart.com
795873502 , +54(913)6853416 , +54(862)1693527 , Lukken , wkybbyek@nps.gov
369415754 , +54(461)4679447 , +54(452)1630096 , Moland , mkarolyil@yale.edu
562292860 , +54(428)5763138 , +54(778)3891872 , Bartelt , mbridywaterm@nationalgeographic.com
186963108 , +54(705)6525148 , +54(593)1779998 , Pearson , drenshalln@macromedia.com
625843982 , +54(910)9357909 , +54(977)7770061 , Victoria , gturgooseo@amazon.co.uk
532345438 , +54(930)4021942 , +54(831)8941012 , Nobel , vcolreinp@paypal.com
451078121 , +54(810)7272538 , +54(625)1777626 , Basil , bnaylorq@ftc.gov
787122803 , +54(700)2997723 , +54(819)4830778 , Service , kyepiskovr@moonfruit.com
011695860 , +54(644)8490679 , +54(637)7734650 , Jana , mwhylers@tripadvisor.com
371616560 , +54(435)8794378 , +54(252)4811356 , GoldenLeaf , mdemeadt@nps.gov
447790889 , +54(548)5688534 , +54(723)5863106 , Ridgeview , gbernardinelliu@nyu.edu
224012481 , +54(939)1663249 , +54(963)2618442 , Vahlen , ewheeldonv@google.ru
300548206 , +54(953)5938718 , +54(789)6441962 , Mcguire , zsimesw@europa.eu
152975763 , +54(512)9592660 , +54(496)4613877 , Bartillon , mcarreckx@seesaa.net
202199255 , +54(763)5763230 , +54(892)1744281 , LaFollette , krahlofy@w3.org
098058386 , +54(499)5831961 , +54(974)5490930 , Portage , lizzettz@rakuten.co.jp
369415754 , +54(366)6207298 , +54(797)5551218 , Kinsman , fsmallacombe10@yahoo.com
103478270 , +54(994)3024959 , +54(928)8708106 , Granby , wlemery11@state.gov
158571872 , +54(632)2894920 , +54(730)7007834 , Jenna , sfriedman12@ucla.edu
607251300 , +54(868)4567055 , +54(970)8349145 , Larry , rjocic13@youtube.com
735067977 , +54(331)2102528 , +54(533)3394212 , DiLoreto , mmctrusty14@reverbnation.com
795873502 , +54(861)9052091 , +54(787)5401364 , Heffernan , imcilmurray15@phoca.cz
043987958 , +54(775)9890103 , +54(629)7836626 , DelMar , klodevick16@netscape.com
397409377 , +54(343)6451674 , +54(711)5352189 , Dovetail , lposnette17@marketwatch.com
656680812 , +54(237)7715382 , +54(109)7316738 , Beilfuss , lconnick18@rediff.com
607956496 , +54(323)4084860 , +54(278)3815232 , Towne , creeds19@github.io
831618867 , +54(652)4606594 , +54(139)4025945 , Service , ibattram1a@virginia.edu
549547883 , +54(906)5594593 , +54(305)6262978 , LittleFleur , tbolver1b@dailymail.co.uk
300548206 , +54(883)5178157 , +54(972)6565163 , Sommers , oarlet1c@nsw.gov.au
652923009 , +54(104)1656981 , +54(176)3073374 , Westend , fgerard1d@google.ru
118486121 , +54(167)2865677 , +54(930)5692123 , TwinPines , zbilbrook1e@yolasite.com
940216444 , +54(708)8892344 , +54(626)9732889 , Erie , tjellis1f@a8.net
812287110 , +54(183)2791896 , +54(453)4636435 , Myrtle , ddeschelle1g@constantcontact.com
565509912 , +54(291)6548413 , +54(497)8445826 , Dayton , rcay1h@dmoz.org
728946928 , +54(526)4668828 , +54(189)5617521 , Hintze , elecornu1i@bluehost.com
236902722 , +54(157)9968722 , +54(360)4242240 , Elmside , mschusterl1j@skyrock.com
224012481 , +54(720)6215997 , +54(413)9814233 , ClydeGallagher , kmccroft1k@people.com.cn
602022843 , +54(343)8881193 , +54(998)3587448 , StoneCorner , rdreye1l@trellian.com
714094366 , +54(393)6508036 , +54(420)9822743 , Northland , beasey1m@indiatimes.com
812287110 , +54(703)4772751 , +54(405)8717230 , Delaware , hdickenson1n@fda.gov
106714784 , +54(964)7998629 , +54(917)9684027 , Pearson , loventon1o@yolasite.com
248884801 , +54(806)1129630 , +54(603)5802498 , Eagan , bmavin1p@usatoday.com
596171693 , +54(418)5299758 , +54(995)2383606 , Hudson , emckeggie1q@independent.co.uk
235658568 , +54(165)3139539 , +54(129)9442051 , Northwestern , wkeneleyside1r@infoseek.co.jp
087044720 , +54(401)3783845 , +54(561)2065614 , Fallview , lilem1s@nsw.gov.au
989306934 , +54(629)5888435 , +54(387)9896112 , Trailsway , gfletcher1t@sbwire.com
691808960 , +54(953)6108588 , +54(558)2394111 , Superior , rpretor1u@nhs.uk
313411776 , +54(632)2501985 , +54(852)9216488 , FairOaks , tgreger1v@imdb.com
296532781 , +54(155)6180567 , +54(635)2192430 , Waxwing , lsteagall1w@about.me
583499908 , +54(496)6139864 , +54(187)8078381 , Buhler , jpaterson1x@yelp.com
087044720 , +54(644)8170927 , +54(388)2283232 , MarinersCove , zbidgood1y@smugmug.com
607956496 , +54(825)2070712 , +54(265)7441687 , Forest , cbernardino1z@cam.ac.uk
725601861 , +54(814)5665346 , +54(198)3617926 , Esker , cbonar20@nydailynews.com
443736773 , +54(612)3140517 , +54(404)6751257 , Eggendart , jrichardeau21@fotki.com
073634314 , +54(245)7359428 , +54(435)2499672 , Heffernan , fgallichan22@fastcompany.com
831618867 , +54(301)6406128 , +54(387)6022204 , Bay , hselbach23@pbs.org
769607612 , +54(619)4628397 , +54(968)5484426 , Holmberg , aborleace24@shareasale.com
989306934 , +54(284)5193228 , +54(488)2949813 , Merchant , nlewzey25@sohu.com
596171693 , +54(327)4516340 , +54(266)8562004 , Pankratz , nconvery26@smugmug.com
443736773 , +54(267)5821768 , +54(434)8413680 , Grasskamp , lmatthisson27@google.de
098058386 , +54(722)2990393 , +54(723)9069563 , Westerfield , tbrason28@google.co.uk
662702287 , +54(494)1696638 , +54(522)8245712 , Anthes , klongega29@omniture.com
562292860 , +54(257)9429541 , +54(707)3961882 , Jenna , klening2a@blogspot.com
248884801 , +54(907)8498239 , +54(574)1191180 , School , valfonso2b@shop-pro.jp
691808960 , +54(719)8775264 , +54(809)1713348 , Parkside , fpristnor2c@shop-pro.jp
706626340 , +54(964)5944247 , +54(707)1924634 , Westridge , hbeining2d@desdev.cn
443736773 , +54(950)8965524 , +54(658)1191371 , Rockefeller , scolquite2e@rediff.com
087044720 , +54(349)8155283 , +54(503)2635051 , Pennsylvania , aposton2f@state.gov
835172345 , +54(777)5835858 , +54(160)1557607 , Cody , bgoldhill2g@1und1.de
583499908 , +54(685)9362176 , +54(565)9740130 , Messerschmidt , ksheryne2h@twitter.com
163159220 , +54(755)4291628 , +54(571)8778094 , Mandrake , aspeare2i@un.org
377331104 , +54(795)8814744 , +54(202)7734924 , Transport , tchampney2j@mtv.com
562292860 , +54(737)1896755 , +54(475)6565131 , Merchant , bguidera2k@ihg.com
607251300 , +54(682)8060409 , +54(562)3817685 , Goodland , dtunnick2l@buzzfeed.com
186963108 , +54(471)6336417 , +54(944)7873099 , VillageGreen , wjoules2m@unc.edu
548411009 , +54(597)7485488 , +54(101)9850920 , Katie , fgurnell2n@taobao.com
248884801 , +54(599)1977718 , +54(298)5694666 , Sommers , dcounter2o@blogspot.com
532345438 , +54(775)5089401 , +54(977)6382024 , Chive , csoden2p@ed.gov
777177712 , +54(229)3482358 , +54(826)5493553 , Barnett , pklamman2q@clickbank.net
400086896 , +54(820)2313363 , +54(623)4662719 , Myrtle , fantonias2r@dell.com
095741948 , +54(926)5089140 , +54(916)1898442 , Northport , pjarmain2s@oaic.gov.au
648283757 , +54(168)7774045 , +54(513)7877411 , Spohn , marbor2t@yale.edu
843784058 , +54(720)4995318 , +54(404)8917181 , GreenRidge , dfeatherstone2u@tumblr.com
248884801 , +54(899)8541527 , +54(976)3246282 , Thackeray , kbrooke2v@ed.gov
300548206 , +54(992)7678950 , +54(378)5815199 , Gerald , cmathey2w@elegantthemes.com
221844272 , +54(987)7825402 , +54(505)7448801 , Pierstorff , cclausen2x@zdnet.com
421662999 , +54(512)4742303 , +54(104)1313072 , Welch , jdaws2y@youtube.com
711671821 , +54(550)3941622 , +54(584)8549096 , Orin , dpetruszka2z@deliciousdays.com
211228105 , +54(422)6503484 , +54(797)5582819 , Nova , jlilly30@wisc.edu
565509912 , +54(244)8919605 , +54(316)9930114 , Eastwood , pdreinan31@latimes.com
443736773 , +54(549)9083541 , +54(951)6067734 , Troy , fpoxon32@disqus.com
910452800 , +54(964)5664753 , +54(493)7399811 , Glendale , ojoburn33@alexa.com
728946928 , +54(507)4853410 , +54(869)9964036 , American , dsainer34@ask.com
835172345 , +54(384)2128947 , +54(584)8627115 , Gale , npacker35@cafepress.com
762898276 , +54(770)1314387 , +54(232)1364968 , Morning , aspackman36@java.com
856110095 , +54(716)9174944 , +54(881)6728286 , Bartillon , mharsnipe37@1und1.de
989306934 , +54(188)5579814 , +54(120)7962680 , Green , gamyes38@histats.com
910452800 , +54(740)8350701 , +54(647)7329760 , Browning , hlauret39@noaa.gov
180624685 , +54(929)2516179 , +54(641)9369890 , Oneill , stolworth3a@ft.com
421662999 , +54(203)5146132 , +54(423)8611893 , AmericanAsh , bbengal3b@yahoo.com
105853272 , +54(941)5747320 , +54(409)3285785 , Homewood , cbutrimovich3c@51.la
931264701 , +54(489)7084007 , +54(940)3054688 , Maple , kgheeraert3d@nba.com
067341954 , +54(252)7658574 , +54(990)7316559 , Schiller , rmewburn3e@nifty.com
211228105 , +54(912)3442985 , +54(496)3662544 , DoeCrossing , psabin3f@scribd.com
377331104 , +54(686)4604163 , +54(292)6291107 , Ridgeview , dhinckes3g@tiny.cc
937168986 , +54(788)2884223 , +54(397)1823982 , Waxwing , fkamena3h@cargocollective.com
421662999 , +54(848)5490700 , +54(662)7825990 , Kingsford , sanyon3i@seesaa.net
856110095 , +54(806)6766637 , +54(442)6631412 , Towne , bburnapp3j@diigo.com
648283757 , +54(914)8273240 , +54(549)6540176 , StoneCorner , vmingey3k@artisteer.com
565509912 , +54(817)7935415 , +54(563)1000586 , Ludington , lvittle3l@wordpress.com
152975763 , +54(347)1720259 , +54(363)5112730 , Dorton , msouthan3m@slate.com
924157682 , +54(547)2786231 , +54(184)4514452 , 3rd , cearpe3n@earthlink.net
607956496 , +54(536)5219995 , +54(538)6958092 , Texas , ebrattell3o@webmd.com
850941638 , +54(295)3894921 , +54(419)4476603 , Sundown , kpepperill3p@howstuffworks.com
211228105 , +54(936)8814825 , +54(188)9440494 , Bartelt , phuleatt3q@telegraph.co.uk
777177712 , +54(906)1667280 , +54(197)6747258 , Transport , hvedeniktov3r@ucla.edu
532345438 , +54(132)3249914 , +54(314)8862199 , Pankratz , dkaming3s@mapquest.com
562292860 , +54(445)3161169 , +54(695)9718071 , Kingsford , hhumblestone3t@sciencedaily.com
856110095 , +54(970)1892117 , +54(177)6861082 , Quincy , myantsev3u@nydailynews.com
073634314 , +54(717)5757507 , +54(721)9827962 , MarinersCove , anormanvell3v@irs.gov
940216444 , +54(853)7077320 , +54(817)1193687 , Sundown , kmussen3w@spotify.com
098058386 , +54(614)7811091 , +54(617)6558609 , Hauk , ntuckett3x@omniture.com
265775847 , +54(712)5460676 , +54(377)4082695 , Crownhardt , mpetworth3y@rakuten.co.jp
313411776 , +54(933)1920858 , +54(877)4439427 , Ramsey , itestro3z@mediafire.com
371616560 , +54(405)5048535 , +54(343)5875576 , Thackeray , meames40@bbb.org
735067977 , +54(303)6883157 , +54(583)9526753 , Homewood , mjirick41@forbes.com
163159220 , +54(481)2718498 , +54(575)9678673 , Susan , sandreev42@umn.edu
105853272 , +54(451)2897846 , +54(178)5501572 , LittleFleur , hfike43@amazon.co.jp
602022843 , +54(470)2532082 , +54(795)3540871 , Melrose , mmeredyth44@ustream.tv
648283757 , +54(683)4404272 , +54(316)6951362 , International , jfenge45@hatena.ne.jp
